<package>
  <description brief="agribot">

     agribot

  </description>
  <author>Andrey Kurenkov</author>
  <author>Troy O'Neil</author>

  <license>BSD</license>
  <review status="unreviewed" notes=""/>
  <url>http://ros.org/wiki/agribot</url>
  <depend package="tf"/>
  <depend package="pcl_ros"/>
  <depend package="pcl_conversions"/>
  <depend package="pcl_msgs"/>
  <depend package="std_msgs"/>
  <depend package="rospy"/>
  <depend package="roscpp"/>
<!--  <depend package="kinect2_bridge"/>
  <depend package="omnimapper_ros"/>-->

</package>


